Date,Africa,Americas,Asia,Europe,Oceania
2020-01-22,0.0,1.0,556.0,0.0,0.0
2020-01-23,0.0,3.0,654.0,0.0,0.0
2020-01-24,0.0,5.0,937.0,2.0,0.0
2020-01-25,0.0,5.0,1429.0,3.0,0.0
2020-01-26,0.0,8.0,2105.0,3.0,4.0
2020-01-27,0.0,8.0,2912.0,4.0,5.0
2020-01-28,0.0,9.0,5558.0,8.0,5.0
2020-01-29,0.0,10.0,6143.0,10.0,6.0
2020-01-30,0.0,10.0,8208.0,10.0,9.0
2020-01-31,0.0,12.0,9889.0,17.0,9.0
2020-02-01,0.0,12.0,11991.0,23.0,12.0
2020-02-02,0.0,12.0,16738.0,25.0,12.0
2020-02-03,0.0,15.0,19827.0,33.0,12.0
2020-02-04,0.0,16.0,23836.0,34.0,13.0
2020-02-05,0.0,17.0,27579.0,35.0,13.0
2020-02-06,0.0,18.0,30739.0,35.0,14.0
2020-02-07,0.0,20.0,34267.0,37.0,15.0
2020-02-08,0.0,20.0,36989.0,46.0,15.0
2020-02-09,0.0,20.0,40014.0,49.0,15.0
2020-02-10,0.0,21.0,42551.0,49.0,15.0
2020-02-11,0.0,22.0,44589.0,53.0,15.0
2020-02-12,0.0,22.0,44966.0,54.0,15.0
2020-02-13,0.0,23.0,60116.0,55.0,15.0
2020-02-14,1.0,23.0,66599.0,56.0,15.0
2020-02-15,1.0,23.0,68674.0,57.0,15.0
2020-02-16,1.0,23.0,70787.0,57.0,15.0
2020-02-17,1.0,24.0,72721.0,58.0,15.0
2020-02-18,1.0,24.0,74515.0,58.0,15.0
2020-02-19,1.0,24.0,74935.0,59.0,15.0
2020-02-20,1.0,25.0,75480.0,61.0,15.0
2020-02-21,1.0,29.0,76088.0,79.0,15.0
2020-02-22,1.0,30.0,77807.0,121.0,15.0
2020-02-23,1.0,33.0,78030.0,220.0,15.0
2020-02-24,1.0,34.0,78521.0,296.0,15.0
2020-02-25,2.0,37.0,79264.0,403.0,15.0
2020-02-26,2.0,39.0,80063.0,560.0,15.0
2020-02-27,2.0,42.0,81155.0,809.0,15.0
2020-02-28,3.0,49.0,82236.0,1143.0,16.0
2020-02-29,3.0,66.0,83728.0,1495.0,26.0
2020-03-01,4.0,93.0,85321.0,2251.0,28.0
2020-03-02,8.0,123.0,86704.0,2811.0,31.0
2020-03-03,11.0,151.0,88571.0,3515.0,40.0
2020-03-04,21.0,200.0,89799.0,4557.0,55.0
2020-03-05,24.0,295.0,91090.0,5905.0,58.0
2020-03-06,43.0,382.0,93121.0,7746.0,64.0
2020-03-07,43.0,569.0,94880.0,9933.0,68.0
2020-03-08,83.0,740.0,96081.0,12306.0,81.0
2020-03-09,91.0,850.0,96987.0,15562.0,96.0
2020-03-10,104.0,1086.0,98177.0,18866.0,112.0
2020-03-11,119.0,1559.0,99898.0,24112.0,133.0
2020-03-12,135.0,2099.0,101271.0,28939.0,133.0
2020-03-13,181.0,3024.0,103080.0,39276.0,208.0
2020-03-14,258.0,3973.0,104997.0,47170.0,259.0
2020-03-15,325.0,4397.0,106952.0,55908.0,308.0
2020-03-16,414.0,6322.0,108674.0,66659.0,388.0
2020-03-17,502.0,8663.0,110689.0,77304.0,467.0
2020-03-18,625.0,11874.0,112822.0,89267.0,591.0
2020-03-19,805.0,17231.0,114980.0,108532.0,718.0
2020-03-20,1004.0,24759.0,117677.0,127510.0,845.0
2020-03-21,1222.0,32212.0,120242.0,149402.0,1144.0
2020-03-22,1498.0,43066.0,123499.0,168692.0,1676.0
2020-03-23,1901.0,55866.0,126579.0,194826.0,1814.0
2020-03-24,2374.0,68189.0,130220.0,219847.0,2239.0
2020-03-25,2914.0,82053.0,135640.0,251129.0,2614.0
2020-03-26,3464.0,102366.0,141374.0,284817.0,3143.0
2020-03-27,4068.0,123444.0,148475.0,319546.0,3562.0
2020-03-28,4462.0,148439.0,155679.0,355953.0,4142.0
2020-03-29,5026.0,167030.0,162902.0,385684.0,4549.0
2020-03-30,5481.0,191769.0,170172.0,417773.0,5007.0
2020-03-31,6102.0,222217.0,180761.0,454300.0,5264.0
2020-04-01,6735.0,262222.0,189517.0,490891.0,5629.0
2020-04-02,7440.0,299053.0,198771.0,526202.0,5976.0
2020-04-03,8346.0,335394.0,207603.0,564046.0,6263.0
2020-04-04,9047.0,371407.0,216668.0,578081.0,6570.0
2020-04-05,9755.0,404010.0,226651.0,606274.0,6798.0
2020-04-06,10476.0,440222.0,236754.0,633783.0,6979.0
2020-04-07,11137.0,475341.0,246343.0,657194.0,7137.0
2020-04-08,11943.0,513735.0,256437.0,689907.0,7306.0
2020-04-09,12753.0,556204.0,266713.0,723406.0,7433.0
2020-04-10,13474.0,597976.0,277941.0,755955.0,7585.0
2020-04-11,14199.0,632263.0,289969.0,784313.0,7702.0
2020-04-12,15069.0,663387.0,301651.0,859186.0,7734.0
2020-04-13,15854.0,697329.0,313243.0,884642.0,7791.0
2020-04-14,16835.0,731259.0,324740.0,922786.0,7872.0
2020-04-15,17800.0,765627.0,336238.0,954166.0,7917.0
2020-04-16,18987.0,802336.0,348657.0,998276.0,7960.0
2020-04-17,20410.0,844234.0,361488.0,1029936.0,8028.0
2020-04-18,21732.0,880006.0,373689.0,1058834.0,8087.0
2020-04-19,22947.0,912369.0,385992.0,1089224.0,8138.0
2020-04-20,24110.0,950087.0,400073.0,1112720.0,8162.0
2020-04-21,25228.0,983501.0,413754.0,1140567.0,8189.0
2020-04-22,26646.0,1022283.0,425985.0,1170159.0,8204.0
2020-04-23,28085.0,1065458.0,438820.0,1195412.0,8219.0
2020-04-24,29818.0,1117841.0,451827.0,1211832.0,8239.0
2020-04-25,31093.0,1162450.0,463841.0,1237113.0,8265.0
2020-04-26,32646.0,1197857.0,475446.0,1259324.0,8284.0
2020-04-27,33984.0,1232534.0,486459.0,1283270.0,8294.0
2020-04-28,35662.0,1270523.0,498459.0,1307409.0,8320.0
2020-04-29,37687.0,1311458.0,511449.0,1328777.0,8330.0
2020-04-30,39712.0,1357153.0,524364.0,1351777.0,8347.0
2020-05-01,41429.0,1407596.0,537742.0,1375166.0,8365.0
2020-05-02,43667.0,1449348.0,549908.0,1397249.0,8388.0
2020-05-03,45370.0,1488169.0,562328.0,1418279.0,8411.0
2020-05-04,48061.0,1527754.0,576347.0,1439597.0,8435.0
2020-05-05,50156.0,1568077.0,591276.0,1461903.0,8467.0
2020-05-06,52699.0,1612900.0,607286.0,1488929.0,8487.0
2020-05-07,55303.0,1658865.0,622964.0,1513800.0,8507.0
2020-05-08,58927.0,1705392.0,639770.0,1537319.0,8514.0
2020-05-09,61926.0,1750625.0,654910.0,1558267.0,8537.0
2020-05-10,64545.0,1785008.0,673402.0,1577984.0,8549.0
2020-05-11,67604.0,1817968.0,689964.0,1601522.0,8571.0
2020-05-12,70844.0,1860576.0,707007.0,1623901.0,8581.0
2020-05-13,73808.0,1904609.0,723986.0,1644264.0,8590.0
2020-05-14,76994.0,1955903.0,744608.0,1664773.0,8621.0
2020-05-15,79921.0,2010675.0,762389.0,1685179.0,8637.0
2020-05-16,83028.0,2064141.0,782167.0,1702708.0,8647.0
2020-05-17,86372.0,2101923.0,802975.0,1719127.0,8657.0
2020-05-18,90071.0,2149704.0,823640.0,1736100.0,8671.0
2020-05-19,93082.0,2202052.0,845811.0,1754380.0,8679.0
2020-05-20,96979.0,2262867.0,868412.0,1772481.0,8688.0
2020-05-21,101676.0,2322236.0,892664.0,1790121.0,8703.0
2020-05-22,105590.0,2382915.0,916893.0,1808637.0,8707.0
2020-05-23,109458.0,2441850.0,941284.0,1825578.0,8722.0
2020-05-24,113644.0,2492602.0,965351.0,1839789.0,8722.0
2020-05-25,117798.0,2540680.0,987160.0,1853959.0,8734.0
2020-05-26,121537.0,2592891.0,1007464.0,1870054.0,8747.0
2020-05-27,126629.0,2651380.0,1031333.0,1885149.0,8758.0
2020-05-28,131575.0,2720474.0,1057270.0,1905149.0,8774.0
2020-05-29,137355.0,2790697.0,1086129.0,1921704.0,8793.0
2020-05-30,143474.0,2874963.0,1113704.0,1938779.0,8801.0
2020-05-31,148721.0,2928852.0,1142910.0,1953287.0,8811.0
2020-06-01,154743.0,2980340.0,1171043.0,1967888.0,8831.0
2020-06-02,159677.0,3053589.0,1201609.0,1981773.0,8839.0
2020-06-03,164782.0,3114336.0,1235014.0,1993721.0,8850.0
2020-06-04,171954.0,3193529.0,1267165.0,2013428.0,8857.0
2020-06-05,179162.0,3270098.0,1300281.0,2029936.0,8862.0
2020-06-06,185761.0,3342627.0,1334722.0,2045690.0,8869.0
2020-06-07,192095.0,3398022.0,1369320.0,2060369.0,8875.0
2020-06-08,198819.0,3448427.0,1400470.0,2075136.0,8877.0
2020-06-09,205313.0,3518942.0,1434196.0,2090375.0,8885.0
2020-06-10,211914.0,3597063.0,1470968.0,2106032.0,8896.0
2020-06-11,219332.0,3671484.0,1508817.0,2122526.0,8900.0
2020-06-12,227440.0,3741553.0,1541510.0,2139125.0,8905.0
2020-06-13,235542.0,3812534.0,1580439.0,2154995.0,8931.0
2020-06-14,244344.0,3876045.0,1625400.0,2169653.0,8946.0
2020-06-15,253950.0,3940101.0,1662685.0,2183604.0,8960.0
2020-06-16,261614.0,4022930.0,1700548.0,2199124.0,8983.0
2020-06-17,270364.0,4099747.0,1742251.0,2215034.0,9005.0
2020-06-18,278642.0,4177494.0,1783187.0,2231149.0,9023.0
2020-06-19,288468.0,4289809.0,1826238.0,2246949.0,9027.0
2020-06-20,299828.0,4407863.0,1868021.0,2261583.0,9079.0
2020-06-21,309266.0,4438487.0,1907899.0,2274690.0,9094.0
2020-06-22,318284.0,4517673.0,1948466.0,2288230.0,9115.0
2020-06-23,327360.0,4619554.0,1990865.0,2302967.0,9145.0
2020-06-24,338743.0,4720673.0,2034687.0,2318038.0,9186.0
2020-06-25,350734.0,4829167.0,2079020.0,2332697.0,9224.0
2020-06-26,362333.0,4948724.0,2125195.0,2347847.0,9233.0
2020-06-27,374573.0,5052380.0,2171664.0,2361805.0,9322.0
2020-06-28,385182.0,5151417.0,2218643.0,2373555.0,9404.0
2020-06-29,396365.0,5235961.0,2263106.0,2385977.0,9474.0
2020-06-30,408020.0,5348756.0,2309654.0,2398664.0,9560.0
2020-07-01,421275.0,5471001.0,2376378.0,2411485.0,9643.0
2020-07-02,435487.0,5597669.0,2427008.0,2424880.0,9708.0
2020-07-03,450660.0,5720309.0,2477810.0,2438709.0,9902.0
2020-07-04,466148.0,5828180.0,2531538.0,2451150.0,10088.0
2020-07-05,479794.0,5932751.0,2587727.0,2462822.0,10230.0
2020-07-06,493555.0,6023883.0,2637791.0,2475962.0,10406.0
2020-07-07,511031.0,6153611.0,2688033.0,2487953.0,10538.0
2020-07-08,525786.0,6286211.0,2741930.0,2501814.0,10711.0
2020-07-09,544993.0,6420022.0,2799562.0,2515435.0,11036.0
2020-07-10,562712.0,6564041.0,2856012.0,2529948.0,11216.0
2020-07-11,581504.0,6688974.0,2911366.0,2543444.0,11461.0
2020-07-12,598237.0,6798394.0,2966221.0,2555185.0,11644.0
2020-07-13,614322.0,6905889.0,3022641.0,2569391.0,11916.0
2020-07-14,628775.0,7044312.0,3077629.0,2582316.0,12154.0
2020-07-15,646835.0,7180992.0,3138135.0,2596531.0,12479.0
2020-07-16,667319.0,7328954.0,3199044.0,2611664.0,12903.0
2020-07-17,686864.0,7466500.0,3263124.0,2627700.0,13116.0
2020-07-18,705886.0,7594886.0,3337327.0,2641065.0,13481.0
2020-07-19,724459.0,7707649.0,3405900.0,2652778.0,13750.0
2020-07-20,740000.0,7820909.0,3467382.0,2670276.0,14113.0
2020-07-21,753903.0,7969735.0,3532815.0,2684661.0,14587.0
2020-07-22,773533.0,8137574.0,3604514.0,2700438.0,14998.0
2020-07-23,792026.0,8301307.0,3684360.0,2717702.0,15293.0
2020-07-24,814129.0,8469816.0,3759445.0,2735155.0,15649.0
2020-07-25,832276.0,8612514.0,3833850.0,2749002.0,16109.0
2020-07-26,850584.0,8719732.0,3906755.0,2761825.0,16664.0
2020-07-27,864072.0,8849617.0,3976013.0,2783211.0,17033.0
2020-07-28,877573.0,9006434.0,4054005.0,2798506.0,17315.0
2020-07-29,895218.0,9162311.0,4131904.0,2816602.0,18032.0
2020-07-30,912692.0,9325394.0,4212832.0,2836293.0,18637.0
2020-07-31,931697.0,9485247.0,4301389.0,2855952.0,19025.0
2020-08-01,948623.0,9621682.0,4378971.0,2870643.0,19662.0
2020-08-02,961360.0,9744428.0,4460749.0,2883549.0,20106.0
2020-08-03,972270.0,9839426.0,4535963.0,2908071.0,20519.0
2020-08-04,982207.0,9994204.0,4615306.0,2928595.0,21241.0
2020-08-05,997575.0,10147823.0,4701163.0,2948423.0,21725.0
2020-08-06,1011917.0,10307314.0,4791905.0,2970158.0,22117.0
2020-08-07,1025436.0,10461725.0,4882634.0,2993477.0,22573.0
2020-08-08,1039664.0,10605763.0,4973727.0,3008958.0,22960.0
2020-08-09,1052027.0,10725602.0,5060353.0,3022786.0,23299.0
2020-08-10,1061162.0,10841674.0,5141700.0,3049084.0,23659.0
2020-08-11,1069072.0,10992711.0,5227555.0,3069431.0,24073.0
2020-08-12,1078360.0,11140355.0,5323008.0,3091766.0,24423.0
2020-08-13,1088813.0,11299828.0,5415535.0,3119025.0,24805.0
2020-08-14,1101379.0,11472624.0,5510333.0,3145611.0,25132.0
2020-08-15,1113231.0,11597969.0,5601777.0,3165731.0,25397.0
2020-08-16,1123228.0,11696724.0,5685568.0,3182897.0,25729.0
2020-08-17,1132146.0,11793159.0,5763453.0,3212259.0,26011.0
2020-08-18,1140821.0,11927958.0,5856523.0,3234883.0,26247.0
2020-08-19,1151711.0,12068127.0,5954903.0,3262666.0,26499.0
2020-08-20,1162416.0,12201596.0,6051933.0,3292745.0,26695.0
2020-08-21,1172845.0,12324406.0,6149190.0,3324001.0,26896.0
2020-08-22,1183320.0,12459691.0,6244343.0,3346405.0,27108.0
2020-08-23,1192465.0,12548996.0,6328433.0,3366471.0,27261.0
2020-08-24,1200012.0,12647524.0,6414739.0,3402045.0,27406.0
2020-08-25,1207597.0,12776186.0,6496891.0,3428519.0,27741.0
2020-08-26,1216533.0,12910329.0,6609909.0,3453945.0,27909.0
2020-08-27,1225183.0,13045371.0,6713515.0,3493767.0,28052.0
2020-08-28,1233369.0,13182110.0,6817467.0,3528621.0,28260.0
2020-08-29,1241803.0,13305445.0,6922138.0,3552790.0,28385.0
2020-08-30,1250350.0,13390819.0,7025600.0,3575054.0,28476.0
2020-08-31,1257208.0,13512203.0,7119802.0,3616739.0,28654.0
2020-09-01,1264406.0,13638189.0,7223666.0,3646464.0,28765.0
2020-09-02,1273202.0,13765789.0,7334132.0,3681304.0,28953.0
2020-09-03,1281137.0,13895160.0,7445676.0,3717789.0,29048.0
2020-09-04,1289806.0,14031520.0,7560998.0,3759016.0,29202.0
2020-09-05,1297311.0,14152196.0,7676190.0,3789277.0,29289.0
2020-09-06,1305240.0,14229461.0,7793238.0,3815977.0,29345.0
2020-09-07,1312166.0,14288777.0,7894363.0,3865756.0,29482.0
2020-09-08,1319914.0,14371927.0,8012836.0,3902793.0,29586.0
2020-09-09,1328278.0,14484028.0,8138443.0,3941944.0,29673.0
2020-09-10,1336420.0,14606262.0,8266419.0,3987879.0,29779.0
2020-09-11,1345228.0,14735863.0,8395505.0,4036604.0,29921.0
2020-09-12,1352736.0,14855699.0,8519831.0,4073613.0,29967.0
2020-09-13,1359563.0,14946682.0,8640786.0,4103639.0,30011.0
2020-09-14,1366111.0,15036188.0,8756654.0,4158660.0,30208.0
2020-09-15,1372697.0,15144904.0,8879043.0,4201481.0,30248.0
2020-09-16,1380124.0,15260628.0,9010194.0,4252084.0,30295.0
2020-09-17,1388990.0,15382759.0,9139804.0,4307002.0,30343.0
2020-09-18,1397253.0,15514046.0,9266440.0,4367424.0,30381.0
2020-09-19,1405981.0,15629436.0,9390295.0,4412393.0,30558.0
2020-09-20,1414401.0,15719143.0,9507754.0,4451921.0,30573.0
2020-09-21,1420768.0,15801661.0,9613732.0,4516937.0,30603.0
2020-09-22,1427606.0,15908099.0,9731464.0,4570076.0,30775.0
2020-09-23,1436418.0,16027063.0,9855328.0,4630003.0,30861.0
2020-09-24,1444604.0,16150890.0,9979008.0,4695237.0,30887.0
2020-09-25,1452766.0,16281275.0,10101557.0,4764626.0,31016.0
2020-09-26,1459178.0,16385727.0,10223542.0,4817861.0,31043.0
2020-09-27,1467546.0,16466108.0,10336942.0,4862702.0,31047.0
2020-09-28,1473410.0,16555563.0,10435500.0,4930061.0,31060.0
2020-09-29,1480921.0,16667972.0,10549668.0,4978598.0,31235.0
2020-09-30,1489700.0,16780986.0,10675414.0,5055452.0,31389.0
2020-10-01,1496965.0,16902612.0,10794886.0,5126183.0,31407.0
2020-10-02,1505999.0,17029521.0,10911955.0,5202551.0,31532.0
2020-10-03,1514827.0,17138668.0,11019522.0,5274344.0,31552.0
2020-10-04,1522920.0,17207744.0,11127710.0,5349505.0,31566.0
2020-10-05,1527890.0,17334882.0,11225079.0,5431081.0,31858.0
2020-10-06,1534485.0,17451884.0,11333738.0,5514936.0,31870.0
2020-10-07,1545096.0,17575280.0,11450591.0,5613112.0,32028.0
2020-10-08,1556000.0,17704319.0,11559465.0,5723524.0,32120.0
2020-10-09,1564766.0,17830580.0,11666672.0,5841337.0,32476.0
2020-10-10,1578297.0,17953234.0,11774823.0,5952505.0,32496.0
2020-10-11,1587275.0,18045908.0,11873749.0,6041394.0,32523.0
2020-10-12,1593326.0,18128486.0,11964234.0,6151769.0,33059.0
2020-10-13,1601166.0,18229303.0,12064082.0,6262607.0,33088.0
2020-10-14,1612732.0,18352460.0,12168884.0,6403509.0,33445.0
2020-10-15,1621839.0,18492957.0,12270832.0,6558934.0,33464.0
2020-10-16,1632617.0,18634807.0,12371534.0,6715890.0,33698.0
2020-10-17,1646884.0,18749112.0,12468306.0,6862661.0,33716.0
2020-10-18,1655077.0,18846949.0,12559673.0,6996498.0,33725.0
2020-10-19,1665036.0,18968014.0,12642310.0,7157029.0,34483.0
2020-10-20,1674823.0,19097065.0,12733167.0,7316145.0,34546.0
2020-10-21,1685440.0,19231460.0,12831632.0,7511648.0,35177.0
2020-10-22,1696406.0,19384339.0,12928850.0,7732632.0,35207.0
2020-10-23,1707031.0,19538546.0,13026639.0,7963246.0,35873.0
2020-10-24,1718792.0,19683505.0,13115507.0,8173984.0,35892.0
2020-10-25,1727888.0,19792443.0,13200800.0,8329411.0,35971.0
2020-10-26,1738836.0,19911581.0,13273669.0,8608908.0,36563.0
2020-10-27,1747508.0,20061404.0,13358586.0,8833939.0,36583.0
2020-10-28,1759567.0,20220009.0,13451947.0,9090832.0,37434.0
2020-10-29,1770633.0,20383620.0,13545137.0,9374323.0,37451.0
2020-10-30,1784424.0,20551987.0,13637483.0,9671547.0,37465.0
2020-10-31,1795498.0,20691404.0,13724486.0,9906146.0,37477.0
2020-11-01,1805791.0,20811321.0,13812221.0,10127380.0,37487.0
2020-11-02,1813729.0,20935450.0,13895538.0,10458961.0,38891.0
2020-11-03,1824639.0,21111157.0,13988804.0,10744267.0,39216.0
2020-11-04,1838813.0,21281071.0,14086348.0,10954431.0,39564.0
2020-11-05,1854204.0,21475270.0,14183036.0,11267005.0,40046.0
2020-11-06,1866149.0,21664797.0,14284905.0,11586596.0,40297.0
2020-11-07,1881168.0,21847549.0,14378907.0,11894002.0,40309.0
2020-11-08,1893672.0,22008716.0,14473984.0,12116090.0,40322.0
2020-11-09,1903142.0,22173240.0,14559676.0,12365517.0,41015.0
2020-11-10,1916306.0,22395890.0,14655227.0,12604602.0,41310.0
2020-11-11,1930486.0,22613358.0,14756357.0,12896136.0,41663.0
2020-11-12,1946349.0,22848197.0,14855655.0,13186156.0,41838.0
2020-11-13,1961158.0,23108115.0,14955366.0,13472421.0,42069.0
2020-11-14,1975245.0,23335542.0,15049732.0,13723535.0,42101.0
2020-11-15,1987805.0,23516696.0,15131654.0,13938087.0,42141.0
2020-11-16,1998423.0,23719824.0,15212495.0,14168706.0,42569.0
2020-11-17,2011296.0,23953434.0,15306856.0,14429908.0,42835.0
2020-11-18,2026811.0,24196661.0,15413773.0,14686276.0,43073.0
2020-11-19,2040737.0,24460266.0,15520937.0,14955328.0,43312.0
2020-11-20,2056684.0,24740692.0,15629866.0,15223875.0,43494.0
2020-11-21,2070041.0,24986880.0,15733814.0,15452927.0,43520.0
2020-11-22,2082836.0,25182119.0,15838951.0,15637821.0,43535.0
2020-11-23,2093185.0,25419499.0,15935931.0,15826778.0,43879.0
2020-11-24,2105689.0,25668171.0,16043577.0,16048489.0,44132.0
2020-11-25,2120541.0,25937855.0,16153561.0,16270754.0,44426.0
2020-11-26,2134474.0,26134352.0,16292262.0,16510769.0,44541.0
2020-11-27,2150617.0,26432445.0,16438630.0,16745277.0,44771.0
2020-11-28,2164018.0,26695524.0,16566517.0,16948471.0,44777.0
2020-11-29,2177095.0,26890901.0,16692059.0,17110080.0,44793.0
2020-11-30,2187550.0,27109537.0,16807751.0,17271569.0,45098.0
2020-12-01,2198387.0,27399670.0,16930804.0,17462237.0,45310.0
2020-12-02,2214846.0,27690007.0,17058315.0,17667995.0,45492.0
2020-12-03,2230488.0,28008934.0,17189955.0,17892189.0,45686.0
2020-12-04,2248554.0,28336785.0,17316837.0,18115520.0,45915.0
2020-12-05,2263322.0,28642254.0,17440517.0,18313946.0,45924.0
2020-12-06,2276798.0,28882425.0,17560498.0,18484251.0,45932.0
2020-12-07,2287432.0,29139675.0,17669241.0,18642449.0,45953.0
2020-12-08,2300781.0,29452662.0,17788139.0,18827634.0,46200.0
2020-12-09,2320178.0,29766840.0,17906882.0,19040579.0,46287.0
2020-12-10,2339682.0,30103880.0,18815790.0,19270395.0,46426.0
2020-12-11,2358761.0,30439246.0,18930770.0,19506588.0,46559.0
2020-12-12,2376950.0,30748062.0,19041205.0,19717829.0,46568.0
2020-12-13,2393176.0,30997037.0,19140803.0,19891810.0,46582.0
2020-12-14,2404581.0,31275955.0,19235586.0,20057720.0,46722.0
2020-12-15,2422822.0,31596913.0,19343446.0,20259139.0,46865.0
2020-12-16,2443950.0,31944603.0,19450449.0,20500743.0,46982.0
2020-12-17,2464523.0,32306284.0,19552747.0,20754587.0,47188.0
2020-12-18,2483843.0,32657974.0,19653687.0,21003978.0,47285.0
2020-12-19,2505319.0,32960730.0,19749780.0,21219110.0,47333.0
2020-12-20,2523745.0,33216213.0,19837690.0,21404557.0,47368.0
2020-12-21,2540532.0,33483236.0,19917360.0,21587114.0,47553.0
2020-12-22,2560616.0,33797166.0,20007591.0,21814235.0,47644.0
2020-12-23,2586422.0,34118468.0,20098039.0,22058693.0,47725.0
2020-12-24,2613511.0,34436483.0,20187301.0,22317603.0,47840.0
2020-12-25,2639296.0,34638605.0,20273813.0,22496385.0,47863.0
2020-12-26,2660742.0,34908541.0,20349728.0,22661705.0,47890.0
2020-12-27,2679417.0,35097046.0,20421291.0,22796127.0,47919.0
2020-12-28,2694616.0,35342236.0,20491529.0,22964520.0,48084.0
2020-12-29,2714894.0,35665685.0,20573997.0,23210066.0,48218.0
2020-12-30,2745523.0,36001235.0,20658685.0,23484408.0,48309.0
2020-12-31,2775312.0,36437313.0,20744833.0,23772026.0,48404.0
2021-01-01,2803126.0,36684713.0,20820994.0,23984308.0,48439.0
2021-01-02,2826016.0,37012044.0,20891987.0,24167427.0,48482.0
2021-01-03,2848011.0,37273094.0,20961814.0,24334844.0,48523.0
2021-01-04,2869786.0,37535389.0,21034780.0,24535169.0,48603.0
2021-01-05,2896867.0,37889577.0,21118159.0,24811288.0,48726.0
2021-01-06,2932656.0,38284582.0,21206564.0,25082947.0,48781.0
2021-01-07,2968148.0,38729794.0,21294943.0,25383733.0,48870.0
2021-01-08,3004588.0,39169452.0,21362964.0,25674960.0,48939.0
2021-01-09,3039921.0,39553272.0,21468452.0,25906542.0,48983.0
2021-01-10,3071559.0,39846611.0,21545290.0,26106244.0,49005.0
2021-01-11,3099692.0,40144920.0,21619990.0,26319449.0,49132.0
2021-01-12,3125762.0,40502147.0,21702489.0,26546100.0,49221.0
2021-01-13,3159823.0,40864271.0,21790050.0,26805527.0,49321.0
2021-01-14,3194070.0,41240940.0,21876668.0,27066916.0,49456.0
2021-01-15,3226031.0,41649931.0,21959528.0,27326891.0,49522.0
2021-01-16,3253596.0,42002495.0,22045407.0,27517721.0,49556.0
2021-01-17,3280224.0,42269644.0,22120867.0,27676075.0,49575.0
2021-01-18,3302640.0,42491167.0,22185874.0,27884304.0,49647.0
2021-01-19,3326411.0,42779901.0,22260860.0,28089581.0,49661.0
2021-01-20,3354876.0,43119451.0,22342753.0,28326869.0,49671.0
2021-01-21,3382921.0,43444469.0,22419459.0,28565717.0,49809.0
2021-01-22,3409078.0,43772375.0,22495442.0,28799120.0,49846.0
2021-01-23,3436651.0,44073049.0,22568788.0,28974230.0,49859.0
2021-01-24,3457126.0,44300419.0,22635911.0,29121228.0,49875.0
2021-01-25,3473760.0,44508435.0,22694738.0,29319238.0,49940.0
2021-01-26,3492555.0,44795471.0,22771054.0,29498328.0,50015.0
2021-01-27,3513416.0,45079339.0,22851220.0,29714349.0,50063.0
2021-01-28,3534549.0,45376602.0,22934253.0,29927987.0,50111.0
2021-01-29,3554102.0,45663485.0,23010296.0,30134455.0,50146.0
2021-01-30,3572062.0,45933425.0,23084817.0,30286892.0,50152.0
2021-01-31,3587824.0,46116445.0,23152381.0,30417148.0,50159.0
2021-02-01,3600514.0,46307988.0,23218439.0,30589794.0,50224.0
2021-02-02,3615893.0,46527374.0,23287898.0,30751017.0,50231.0
2021-02-03,3631770.0,46772822.0,23365172.0,30937608.0,50290.0
2021-02-04,3648661.0,46992113.0,23438153.0,31100193.0,50316.0
2021-02-05,3664847.0,47242839.0,23506546.0,31301343.0,50366.0
2021-02-06,3679553.0,47459430.0,23576675.0,31435105.0,50376.0
2021-02-07,3691494.0,47618342.0,23642902.0,31549563.0,50386.0
2021-02-08,3702845.0,47758601.0,23702640.0,31678100.0,50418.0
2021-02-09,3714529.0,47955113.0,23770767.0,31809038.0,50447.0
2021-02-10,3727956.0,48152878.0,23841741.0,31967305.0,50478.0
2021-02-11,3740630.0,48362186.0,23906876.0,32123918.0,50515.0
2021-02-12,3755188.0,48559872.0,23973931.0,32274193.0,50530.0
2021-02-13,3766381.0,48740913.0,24037098.0,32399272.0,50538.0
2021-02-14,3777629.0,48880983.0,24095928.0,32497761.0,50546.0
2021-02-15,3787469.0,48988581.0,24155417.0,32601619.0,50583.0
2021-02-16,3797598.0,49144648.0,24224293.0,32726284.0,50639.0
2021-02-17,3810131.0,49300320.0,24293835.0,32874889.0,50666.0
2021-02-18,3825278.0,49472742.0,24360697.0,33031231.0,50693.0
2021-02-19,3836333.0,49646313.0,24428067.0,33188882.0,50708.0
2021-02-20,3846745.0,49815168.0,24490874.0,33321997.0,50729.0
2021-02-21,3856683.0,49939292.0,24558371.0,33439990.0,50740.0
2021-02-22,3865702.0,50052747.0,24625850.0,33545499.0,50847.0
2021-02-23,3874011.0,50228037.0,24699574.0,33680851.0,50914.0
2021-02-24,3884786.0,50413261.0,24776281.0,33853027.0,50962.0
2021-02-25,3898006.0,50604209.0,24852423.0,34025568.0,51075.0
2021-02-26,3909308.0,50791591.0,24927523.0,34193704.0,51095.0
2021-02-27,3917140.0,50960932.0,24997751.0,34342984.0,51151.0
2021-02-28,3926554.0,51068300.0,25065977.0,34465751.0,51161.0
2021-03-01,3936082.0,51190896.0,25135531.0,34569445.0,51290.0
2021-03-02,3943633.0,51350334.0,25212369.0,34638854.0,51317.0
2021-03-03,3955206.0,51525708.0,25293372.0,34812707.0,51360.0
2021-03-04,3967784.0,51711501.0,25374775.0,34991320.0,51381.0
2021-03-05,3976861.0,51891731.0,25456300.0,35169441.0,51525.0
2021-03-06,3986816.0,52060700.0,25533996.0,35326842.0,51531.0
2021-03-07,3995289.0,52215378.0,25611655.0,35460358.0,51649.0
2021-03-08,4004751.0,52327634.0,25691381.0,35564249.0,51783.0
2021-03-09,4012654.0,52498324.0,25774825.0,35716155.0,51884.0
2021-03-10,4023075.0,52672789.0,25865153.0,35899768.0,51924.0
2021-03-11,4039163.0,52858026.0,25957339.0,36095831.0,52030.0
2021-03-12,4049032.0,53049827.0,26051530.0,36289186.0,52062.0
2021-03-13,4059400.0,53218871.0,26140575.0,36476316.0,52071.0
2021-03-14,4067958.0,53332723.0,26231700.0,36627480.0,52447.0
2021-03-15,4076679.0,53460227.0,26325857.0,36751058.0,52571.0
2021-03-16,4085722.0,53639160.0,26428325.0,36927530.0,52689.0
2021-03-17,4097539.0,53843809.0,26544252.0,37140836.0,52706.0
2021-03-18,4108918.0,54037369.0,26664900.0,37363007.0,52877.0
2021-03-19,4121601.0,54246166.0,26786955.0,37581808.0,53080.0
2021-03-20,4130870.0,54418401.0,26907078.0,37778187.0,53521.0
2021-03-21,4140005.0,54548186.0,27032634.0,37954161.0,53540.0
2021-03-22,4149714.0,54686328.0,27153648.0,38106197.0,53830.0
2021-03-23,4158311.0,54880080.0,27288257.0,38274653.0,54255.0
2021-03-24,4170281.0,55102762.0,27435141.0,38522443.0,54628.0
2021-03-25,4182855.0,55332085.0,27590390.0,38777470.0,54648.0
2021-03-26,4201369.0,55555009.0,27747254.0,39018642.0,55216.0
2021-03-27,4210968.0,55756078.0,27900594.0,39239159.0,55224.0
2021-03-28,4219877.0,55897454.0,28063367.0,39418203.0,55776.0
2021-03-29,4229622.0,56055476.0,28216680.0,39556207.0,55968.0
2021-03-30,4239406.0,56252238.0,28378315.0,39749941.0,56259.0
2021-03-31,4253232.0,56481898.0,28562072.0,39996195.0,56658.0
2021-04-01,4275511.0,56718023.0,28761373.0,40248171.0,56796.0
2021-04-02,4288582.0,56915359.0,28971894.0,40471657.0,57167.0
2021-04-03,4297467.0,57072054.0,29181624.0,40636546.0,57318.0
2021-04-04,4307018.0,57196207.0,29405993.0,40837961.0,57752.0
2021-04-05,4316241.0,57362824.0,29615809.0,40948901.0,58145.0
2021-04-06,4325853.0,57582355.0,29862820.0,41080213.0,58173.0
2021-04-07,4338434.0,57821796.0,30131879.0,41222010.0,58434.0
2021-04-08,4355247.0,58084548.0,30412175.0,41497985.0,58654.0
2021-04-09,4367961.0,58348436.0,30706009.0,41674845.0,58676.0
