Date,New Cases,Total Cases
1/21/20,0.0,0.0
1/22/20,0.0,0.0
1/23/20,0.0,0.0
1/24/20,2.0,2.0
1/25/20,1.0,3.0
1/26/20,0.0,3.0
1/27/20,0.0,3.0
1/28/20,1.0,4.0
1/29/20,1.0,5.0
1/30/20,0.0,5.0
1/31/20,0.0,5.0
2/1/20,1.0,6.0
2/2/20,0.0,6.0
2/3/20,0.0,6.0
2/4/20,0.0,6.0
2/5/20,0.0,6.0
2/6/20,0.0,6.0
2/7/20,0.0,6.0
2/8/20,5.0,11.0
2/9/20,0.0,11.0
2/10/20,0.0,11.0
2/11/20,0.0,11.0
2/12/20,0.0,11.0
2/13/20,0.0,11.0
2/14/20,0.0,11.0
2/15/20,1.0,12.0
2/16/20,0.0,12.0
2/17/20,0.0,12.0
2/18/20,0.0,12.0
2/19/20,0.0,12.0
2/20/20,0.0,12.0
2/21/20,0.0,12.0
2/22/20,0.0,12.0
2/23/20,0.0,12.0
2/24/20,0.0,12.0
2/25/20,2.0,14.0
2/26/20,4.0,18.0
2/27/20,20.0,38.0
2/28/20,19.0,57.0
2/29/20,43.0,100.0
3/1/20,30.0,130.0
3/2/20,61.0,191.0
3/3/20,21.0,212.0
3/4/20,73.0,285.0
3/5/20,138.0,423.0
3/6/20,190.0,613.0
3/7/20,325.0,938.0
3/8/20,177.0,1115.0
3/9/20,286.0,1401.0
3/10/20,372.0,1773.0
3/11/20,508.0,2281.0
3/12/20,0.0,2281.0
3/13/20,1380.0,3661.0
3/14/20,808.0,4469.0
3/15/20,30.0,4499.0
3/16/20,2134.0,6633.0
3/17/20,1019.0,7652.0
3/18/20,1391.0,9043.0
3/19/20,1828.0,10871.0
3/20/20,1741.0,12612.0
3/21/20,1670.0,14282.0
3/22/20,2251.0,16533.0
3/23/20,3323.0,19856.0
3/24/20,2198.0,22054.0
3/25/20,2913.0,24967.0
3/26/20,3889.0,28856.0
3/27/20,3753.0,32609.0
3/28/20,4553.0,37162.0
3/29/20,2599.0,39761.0
3/30/20,4268.0,44029.0
3/31/20,7550.0,51579.0
4/1/20,4783.0,56362.0
4/2/20,2042.0,58404.0
4/3/20,5184.0,63588.0
4/4/20,-17105.0,46483.0
4/5/20,816.0,47299.0
4/6/20,2635.0,49934.0
4/7/20,-3534.0,46400.0
4/8/20,3842.0,50242.0
4/9/20,3761.0,54003.0
4/10/20,1535.0,55538.0
4/11/20,1434.0,56972.0
4/12/20,50740.0,107712.0
4/13/20,3124.0,110836.0
4/14/20,17436.0,128272.0
4/15/20,3204.0,131476.0
4/16/20,12559.0,144035.0
4/17/20,1861.0,145896.0
4/18/20,3787.0,149683.0
4/19/20,1069.0,150752.0
4/20/20,2445.0,153197.0
4/21/20,2624.0,155821.0
4/22/20,1782.0,157603.0
4/23/20,-1722.0,155881.0
4/24/20,2772.0,158653.0
4/25/20,1642.0,160295.0
4/26/20,612.0,160907.0
4/27/20,3685.0,164592.0
4/28/20,3058.0,167650.0
4/29/20,-1457.0,166193.0
4/30/20,1133.0,167326.0
5/1/20,520.0,167846.0
5/2/20,791.0,168637.0
5/3/20,250.0,168887.0
5/4/20,518.0,169405.0
5/5/20,1062.0,170467.0
5/6/20,4129.0,174596.0
5/7/20,622.0,175218.0
5/8/20,525.0,175743.0
5/9/20,389.0,176132.0
5/10/20,206.0,176338.0
5/11/20,313.0,176651.0
5/12/20,679.0,177330.0
5/13/20,460.0,177790.0
5/14/20,563.0,178353.0
5/15/20,484.0,178837.0
5/16/20,303.0,179140.0
5/17/20,110.0,179250.0
5/18/20,400.0,179650.0
5/19/20,493.0,180143.0
5/20/20,356.0,180499.0
5/21/20,253.0,180752.0
5/22/20,692.0,181444.0
5/23/20,525.0,181969.0
5/24/20,-559.0,181410.0
5/25/20,274.0,181684.0
5/26/20,196.0,181880.0
5/27/20,138.0,182018.0
5/28/20,3282.0,185300.0
5/29/20,542.0,185842.0
5/30/20,1766.0,187608.0
5/31/20,209.0,187817.0
6/1/20,169.0,187986.0
6/2/20,-721.0,187265.0
6/3/20,-3250.0,184015.0
6/4/20,4271.0,188286.0
6/5/20,522.0,188808.0
6/6/20,522.0,189330.0
6/7/20,291.0,189621.0
6/8/20,161.0,189782.0
6/9/20,484.0,190266.0
6/10/20,477.0,190743.0
6/11/20,297.0,191040.0
6/12/20,639.0,191679.0
6/13/20,364.0,192043.0
6/14/20,274.0,192317.0
6/15/20,52.0,192369.0
6/16/20,546.0,192915.0
6/17/20,341.0,193256.0
6/18/20,320.0,193576.0
6/19/20,545.0,194121.0
6/20/20,414.0,194535.0
6/21/20,64.0,194599.0
6/22/20,94.0,194693.0
6/23/20,563.0,195256.0
6/24/20,0.0,195256.0
6/25/20,0.0,195256.0
6/26/20,1011.0,196267.0
6/27/20,254.0,196521.0
6/28/20,-410.0,196111.0
6/29/20,279.0,196390.0
6/30/20,164.0,196554.0
7/1/20,684.0,197238.0
7/2/20,353.0,197591.0
7/3/20,403.0,197994.0
7/4/20,0.0,197994.0
7/5/20,0.0,197994.0
7/6/20,856.0,198850.0
7/7/20,320.0,199170.0
7/8/20,529.0,199699.0
7/9/20,328.0,200027.0
7/10/20,542.0,200569.0
7/11/20,0.0,200569.0
7/12/20,0.0,200569.0
7/13/20,1186.0,201755.0
7/14/20,0.0,201755.0
7/15/20,628.0,202383.0
7/16/20,436.0,202819.0
7/17/20,697.0,203516.0
7/18/20,0.0,203516.0
7/19/20,0.0,203516.0
7/20/20,1792.0,205308.0
7/21/20,465.0,205773.0
7/22/20,868.0,206641.0
7/23/20,1009.0,207650.0
7/24/20,903.0,208553.0
7/25/20,0.0,208553.0
7/26/20,0.0,208553.0
7/27/20,2268.0,210821.0
7/28/20,516.0,211337.0
7/29/20,1339.0,212676.0
7/30/20,1251.0,213927.0
7/31/20,1208.0,215135.0
8/1/20,0.0,215135.0
8/2/20,0.0,215135.0
8/3/20,3216.0,218351.0
8/4/20,902.0,219253.0
8/5/20,1621.0,220874.0
8/6/20,1524.0,222398.0
8/7/20,2204.0,224602.0
8/8/20,0.0,224602.0
8/9/20,0.0,224602.0
8/10/20,4601.0,229203.0
8/11/20,1337.0,230540.0
8/12/20,2426.0,232966.0
8/13/20,2574.0,235540.0
8/14/20,2700.0,238240.0
8/15/20,3131.0,241371.0
8/16/20,2964.0,244335.0
8/17/20,426.0,244761.0
8/18/20,2060.0,246821.0
8/19/20,3718.0,250539.0
8/20/20,4675.0,255214.0
8/21/20,4503.0,259717.0
8/22/20,3412.0,263129.0
8/23/20,4460.0,267589.0
8/24/20,1863.0,269452.0
8/25/20,3191.0,272643.0
8/26/20,0.0,272643.0
8/27/20,11055.0,283698.0
8/28/20,7231.0,290929.0
8/29/20,5336.0,296265.0
8/30/20,5289.0,301554.0
8/31/20,2795.0,304349.0
9/1/20,4898.0,309247.0
9/2/20,6800.0,316047.0
9/3/20,6888.0,322935.0
9/4/20,8643.0,331578.0
9/5/20,8435.0,340013.0
9/6/20,6908.0,346921.0
9/7/20,4096.0,351017.0
9/8/20,6456.0,357473.0
9/9/20,7552.0,365025.0
9/10/20,9561.0,374586.0
9/11/20,9268.0,383854.0
9/12/20,10416.0,394270.0
9/13/20,6263.0,400533.0
9/14/20,6076.0,406609.0
9/15/20,7587.0,414196.0
9/16/20,9728.0,423924.0
9/17/20,9947.0,433871.0
9/18/20,13090.0,446961.0
9/19/20,13367.0,460328.0
9/20/20,10536.0,470864.0
9/21/20,5298.0,476162.0
9/22/20,9767.0,485929.0
9/23/20,11985.0,497914.0
9/24/20,15818.0,513732.0
9/25/20,15769.0,529501.0
9/26/20,14187.0,543688.0
9/27/20,10616.0,554304.0
9/28/20,4070.0,558374.0
9/29/20,7822.0,566196.0
9/30/20,12573.0,578769.0
10/1/20,13014.0,591783.0
10/2/20,12137.0,603920.0
10/3/20,16410.0,620330.0
10/4/20,12504.0,632834.0
10/5/20,5084.0,637918.0
10/6/20,10198.0,648116.0
10/7/20,18733.0,666849.0
10/8/20,17315.0,684164.0
10/9/20,20314.0,704478.0
10/10/20,26677.0,731155.0
10/11/20,15937.0,747092.0
10/12/20,8505.0,755597.0
10/13/20,12783.0,768380.0
10/14/20,22579.0,790959.0
10/15/20,29726.0,820685.0
10/16/20,25055.0,845740.0
10/17/20,32100.0,877840.0
10/18/20,29837.0,907677.0
10/19/20,13240.0,920917.0
10/20/20,20169.0,941086.0
10/21/20,26632.0,967718.0
10/22/20,40766.0,1008484.0
10/23/20,41985.0,1050469.0
10/24/20,45240.0,1095709.0
10/25/20,6554.0,1102263.0
10/26/20,72017.0,1174280.0
10/27/20,33151.0,1207431.0
10/28/20,36425.0,1243856.0
10/29/20,46591.0,1290447.0
10/30/20,49194.0,1339641.0
10/31/20,35051.0,1374692.0
11/1/20,46179.0,1420871.0
11/2/20,104314.0,1525185.0
11/3/20,71955.0,1597140.0
11/4/20,-47301.0,1549839.0
11/5/20,57309.0,1607148.0
11/6/20,60457.0,1667605.0
11/7/20,86598.0,1754203.0
11/8/20,38562.0,1792765.0
11/9/20,20155.0,1812920.0
11/10/20,21596.0,1834516.0
11/11/20,35865.0,1870381.0
11/12/20,32264.0,1902645.0
11/13/20,23670.0,1926315.0
11/14/20,31921.0,1958236.0
11/15/20,27192.0,1985428.0
11/16/20,9301.0,1994729.0
11/17/20,45211.0,2039940.0
11/18/20,28359.0,2068299.0
11/19/20,20487.0,2088786.0
11/20/20,22862.0,2111648.0
11/21/20,17641.0,2129289.0
11/22/20,13130.0,2142419.0
11/23/20,4452.0,2146871.0
11/24/20,8853.0,2155724.0
11/25/20,16246.0,2171970.0
11/26/20,12879.0,2184849.0
11/27/20,12437.0,2197286.0
11/28/20,12456.0,2209742.0
11/29/20,9763.0,2219505.0
11/30/20,3891.0,2223396.0
12/1/20,7951.0,2231347.0
12/2/20,13980.0,2245327.0
12/3/20,12570.0,2257897.0
12/4/20,11186.0,2269083.0
12/5/20,12809.0,2281892.0
12/6/20,10949.0,2292841.0
12/7/20,3411.0,2296252.0
12/8/20,13511.0,2309763.0
12/9/20,14540.0,2324303.0
12/10/20,13294.0,2337597.0
12/11/20,13329.0,2350926.0
12/12/20,13817.0,2364743.0
12/13/20,11488.0,2376231.0
12/14/20,3063.0,2379294.0
12/15/20,11129.0,2390423.0
12/16/20,17564.0,2407987.0
12/17/20,18080.0,2426067.0
12/18/20,15674.0,2441741.0
12/19/20,17102.0,2458843.0
12/20/20,12619.0,2471462.0
12/21/20,5797.0,2477259.0
12/22/20,11634.0,2488893.0
12/23/20,14804.0,2503697.0
12/24/20,21541.0,2525238.0
12/25/20,20124.0,2545362.0
12/26/20,3030.0,2548392.0
12/27/20,8233.0,2556625.0
12/28/20,2954.0,2559579.0
12/29/20,11192.0,2570771.0
12/30/20,26357.0,2597128.0
12/31/20,19778.0,2616906.0
1/1/21,19143.0,2636049.0
1/2/21,3359.0,2639408.0
1/3/21,12489.0,2651897.0
1/4/21,4022.0,2655919.0
1/5/21,20280.0,2676199.0
1/6/21,25020.0,2701219.0
1/7/21,21513.0,2722732.0
1/8/21,19621.0,2742353.0
1/9/21,19771.0,2762124.0
1/10/21,15801.0,2777925.0
1/11/21,3582.0,2781507.0
1/12/21,19267.0,2800774.0
1/13/21,23703.0,2824477.0
1/14/21,21228.0,2845705.0
1/15/21,20712.0,2866417.0
1/16/21,21119.0,2887536.0
1/17/21,16443.0,2903979.0
1/18/21,3736.0,2907715.0
1/19/21,23339.0,2931054.0
1/20/21,26497.0,2957551.0
1/21/21,22368.0,2979919.0
1/22/21,22995.0,3002914.0
1/23/21,23410.0,3026324.0
1/24/21,18038.0,3044362.0
1/25/21,4241.0,3048603.0
1/26/21,21860.0,3070463.0
1/27/21,26916.0,3097379.0
1/28/21,23260.0,3120639.0
1/29/21,22783.0,3143422.0
1/30/21,23857.0,3167279.0
1/31/21,19080.0,3186359.0
2/1/21,4347.0,3190706.0
2/2/21,22659.0,3213365.0
2/3/21,25896.0,3239261.0
2/4/21,-458.0,3238803.0
2/5/21,45287.0,3284090.0
2/6/21,19188.0,3303278.0
2/7/21,19715.0,3322993.0
2/8/21,4321.0,3327314.0
2/9/21,18253.0,3345567.0
2/10/21,25087.0,3370654.0
2/11/21,20307.0,3390961.0
2/12/21,20044.0,3411005.0
2/13/21,20809.0,3431814.0
2/14/21,15713.0,3447527.0
2/15/21,4376.0,3451903.0
2/16/21,19374.0,3471277.0
2/17/21,24507.0,3495784.0
2/18/21,21402.0,3517186.0
2/19/21,24105.0,3541291.0
2/20/21,21425.0,3562716.0
2/21/21,21619.0,3584335.0
2/22/21,4646.0,3588981.0
2/23/21,19299.0,3608280.0
2/24/21,31230.0,3639510.0
2/25/21,24549.0,3664059.0
2/26/21,24984.0,3689043.0
2/27/21,23440.0,3712483.0
2/28/21,19952.0,3732435.0
3/1/21,3964.0,3736399.0
3/2/21,22857.0,3759256.0
3/3/21,26079.0,3785335.0
3/4/21,25279.0,3810614.0
3/5/21,22967.0,3833581.0
3/6/21,22610.0,3856191.0
3/7/21,21826.0,3878017.0
3/8/21,5354.0,3883371.0
3/9/21,23066.0,3906437.0
3/10/21,29643.0,3936080.0
3/11/21,27210.0,3963290.0
3/12/21,25058.0,3988348.0
3/13/21,29651.0,4017999.0
3/14/21,25946.0,4043945.0
3/15/21,6252.0,4050197.0
3/16/21,30010.0,4080207.0
3/17/21,37685.0,4117892.0
3/18/21,34982.0,4152874.0
3/19/21,35041.0,4187915.0
3/20/21,35320.0,4223235.0
3/21/21,29995.0,4253230.0
3/22/21,15798.0,4269028.0
3/23/21,14688.0,4283716.0
3/24/21,64236.0,4347952.0
3/25/21,45653.0,4393605.0
3/26/21,41640.0,4435245.0
3/27/21,42625.0,4477870.0
3/28/21,36191.0,4514061.0
3/29/21,9101.0,4523162.0
3/30/21,30713.0,4553875.0
3/31/21,57918.0,4611793.0
4/1/21,50460.0,4662253.0
4/2/21,46813.0,4709066.0
4/3/21,-1159.0,4707907.0
4/4/21,80635.0,4788542.0
4/5/21,10961.0,4799503.0
4/6/21,8049.0,4807552.0
4/7/21,2.0,4807554.0
4/8/21,96843.0,4904397.0
4/9/21,6.0,4904403.0
4/10/21,1.0,4904404.0
4/11/21,117902.0,5022306.0
4/12/21,8536.0,5030842.0
4/13/21,38138.0,5068980.0
4/14/21,43348.0,5112328.0
4/15/21,37894.0,5150222.0
4/16/21,36333.0,5186555.0
4/17/21,35780.0,5222335.0
4/18/21,27734.0,5250069.0
4/19/21,6696.0,5256765.0
4/20/21,44003.0,5300768.0
4/21/21,33824.0,5334592.0
4/22/21,33401.0,5367993.0
4/23/21,32056.0,5400049.0
4/24/21,32485.0,5432534.0
4/25/21,24332.0,5456866.0
4/26/21,4376.0,5461242.0
4/27/21,29234.0,5490476.0
4/28/21,31203.0,5521679.0
4/29/21,26443.0,5548122.0
4/30/21,24135.0,5572257.0
5/1/21,25491.0,5597748.0
5/2/21,8237.0,5605985.0
5/3/21,3760.0,5609745.0
5/4/21,24217.0,5633962.0
5/5/21,24745.0,5658707.0
5/6/21,21476.0,5680183.0
5/7/21,18977.0,5699160.0
5/8/21,19459.0,5718619.0
5/9/21,9128.0,5727747.0
5/10/21,3292.0,5731039.0
5/11/21,19513.0,5750552.0
5/12/21,20030.0,5770582.0
5/13/21,19461.0,5790043.0
5/14/21,6469.0,5796512.0
5/15/21,15653.0,5812165.0
5/16/21,13948.0,5826113.0
5/17/21,3350.0,5829463.0
5/18/21,16001.0,5845464.0
5/19/21,18128.0,5863592.0
5/20/21,-349116.0,5514476.0
5/21/21,12533.0,5527009.0
5/22/21,12383.0,5539392.0
5/23/21,8976.0,5548368.0
5/24/21,2229.0,5550597.0
5/25/21,2834.0,5553431.0
5/26/21,11240.0,5564671.0
5/27/21,13933.0,5578604.0
5/28/21,10831.0,5589435.0
5/29/21,11372.0,5600807.0
5/30/21,7994.0,5608801.0
5/31/21,1211.0,5610012.0
6/1/21,9575.0,5619587.0
6/2/21,0.0,5619587.0
6/3/21,15393.0,5634980.0
6/4/21,6770.0,5641750.0
6/5/21,6654.0,5648404.0
6/6/21,4755.0,5653159.0
6/7/21,973.0,5654132.0
6/8/21,5800.0,5659932.0
6/9/21,4239.0,5664171.0
6/10/21,4276.0,5668447.0
6/11/21,3871.0,5672318.0
6/12/21,3740.0,5676058.0
6/13/21,2605.0,5678663.0
6/14/21,684.0,5679347.0
6/15/21,2953.0,5682300.0
6/16/21,1690.0,5683990.0
6/17/21,1851.0,5685841.0
6/18/21,3170.0,5689011.0
6/19/21,2624.0,5691635.0
6/20/21,1815.0,5693450.0
6/21/21,-28.0,5693422.0
6/22/21,2007.0,5695429.0
6/23/21,1094.0,5696523.0
6/24/21,2007.0,5698530.0
6/25/21,1742.0,5700272.0
6/26/21,2128.0,5702400.0
6/27/21,1578.0,5703978.0
6/28/21,256.0,5704234.0
6/29/21,2083.0,5706317.0
6/30/21,1279.0,5707596.0
7/1/21,2664.0,5710260.0
7/2/21,2470.0,5712730.0
7/3/21,3006.0,5715736.0
7/4/21,2549.0,5718285.0
7/5/21,439.0,5718724.0
7/6/21,2323.0,5721047.0
7/7/21,3802.0,5724849.0
7/8/21,4442.0,5729291.0
7/9/21,4377.0,5733668.0
7/10/21,4696.0,5738364.0
7/11/21,4256.0,5742620.0
7/12/21,617.0,5743237.0
7/13/21,6810.0,5750047.0
7/14/21,0.0,5750047.0
7/15/21,10781.0,5760828.0
7/16/21,10908.0,5771736.0
7/17/21,10949.0,5782685.0
7/18/21,12532.0,5795217.0
7/19/21,1690.0,5796907.0
7/20/21,17989.0,5814896.0
7/21/21,20081.0,5834977.0
7/22/21,21909.0,5856886.0
7/23/21,19270.0,5876156.0
7/24/21,25624.0,5901780.0
7/25/21,15242.0,5917022.0
7/26/21,2602.0,5919624.0
7/27/21,26871.0,5946495.0
7/28/21,25037.0,5971532.0
7/29/21,25054.0,5996586.0
7/30/21,24199.0,6020785.0
7/31/21,23471.0,6044256.0
8/1/21,19600.0,6063856.0
8/2/21,0.0,6063856.0
8/3/21,20665.0,6084521.0
8/4/21,27436.0,6111957.0
8/5/21,26445.0,6138402.0
8/6/21,24019.0,6162421.0
8/7/21,25755.0,6188176.0
8/8/21,20450.0,6208626.0
8/9/21,3299.0,6211925.0
8/10/21,21211.0,6233136.0
8/11/21,27512.0,6260648.0
8/12/21,28391.0,6289039.0
8/13/21,26238.0,6315277.0
8/14/21,24427.0,6339704.0
8/15/21,21172.0,6360876.0
8/16/21,5593.0,6366469.0
8/17/21,12723.0,6379192.0
8/18/21,27631.0,6406823.0
8/19/21,23950.0,6430773.0
8/20/21,20503.0,6451276.0
8/21/21,22636.0,6473912.0
8/22/21,17300.0,6491212.0
8/23/21,1823.0,6493035.0
8/24/21,24445.0,6517480.0
8/25/21,20857.0,6538337.0
8/26/21,19404.0,6557741.0
8/27/21,0.0,6557741.0
8/28/21,34151.0,6591892.0
8/29/21,13630.0,6605522.0
8/30/21,0.0,6605522.0
8/31/21,0.0,6605522.0
9/1/21,30745.0,6636267.0
9/2/21,14153.0,6650420.0
9/3/21,12908.0,6663328.0
9/4/21,13336.0,6676664.0
9/5/21,10410.0,6687074.0
9/6/21,2289.0,6689363.0
9/7/21,13802.0,6703165.0
9/8/21,0.0,6703165.0
9/9/21,17590.0,6720755.0
9/10/21,9898.0,6730653.0
9/11/21,9601.0,6740254.0
9/12/21,7679.0,6747933.0
9/13/21,1291.0,6749224.0
9/14/21,10327.0,6759551.0
9/15/21,0.0,6759551.0
9/16/21,12814.0,6772365.0
9/17/21,6935.0,6779300.0
9/18/21,7414.0,6786714.0
9/19/21,5814.0,6792528.0
9/20/21,0.0,6792528.0
9/21/21,6648.0,6799176.0
9/22/21,6408.0,6805584.0
9/23/21,5835.0,6811419.0
9/24/21,5879.0,6817298.0
9/25/21,5216.0,6822514.0
9/26/21,4706.0,6827220.0
9/27/21,642.0,6827862.0
9/28/21,6617.0,6834479.0
9/29/21,4963.0,6839442.0
9/30/21,4848.0,6844290.0
10/1/21,4857.0,6849147.0
10/2/21,4948.0,6854095.0
10/3/21,3744.0,6857839.0
10/4/21,536.0,6858375.0
10/5/21,4384.0,6862759.0
10/6/21,3609.0,6866368.0
10/7/21,4893.0,6871261.0
10/8/21,4160.0,6875421.0
10/9/21,4734.0,6880155.0
10/10/21,3991.0,6884146.0
10/11/21,1120.0,6885266.0
10/12/21,5807.0,6891073.0
10/13/21,0.0,6891073.0
10/14/21,9220.0,6900293.0
10/15/21,5789.0,6906082.0
10/16/21,4899.0,6910981.0
10/17/21,3778.0,6914759.0
10/18/21,1057.0,6915816.0
10/19/21,5095.0,6920911.0
10/20/21,5791.0,6926702.0
10/21/21,6013.0,6932715.0
10/22/21,5611.0,6938326.0
10/23/21,6291.0,6944617.0
10/24/21,5005.0,6949622.0
10/25/21,1283.0,6950905.0
10/26/21,6040.0,6956945.0
10/27/21,6528.0,6963473.0
10/28/21,5899.0,6969372.0
10/29/21,6098.0,6975470.0
10/30/21,7360.0,6982830.0
10/31/21,6329.0,6989159.0
11/1/21,1627.0,6990786.0
11/2/21,2007.0,6992793.0
11/3/21,10050.0,7002843.0
11/4/21,8679.0,7011522.0
11/5/21,8779.0,7020301.0
11/6/21,9605.0,7029906.0
11/7/21,8547.0,7038453.0
11/8/21,1757.0,7040210.0
11/9/21,12039.0,7052249.0
11/10/21,10999.0,7063248.0
11/11/21,12450.0,7075698.0
11/12/21,3761.0,7079459.0
11/13/21,14646.0,7094105.0
11/14/21,12496.0,7106601.0
11/15/21,2978.0,7109579.0
11/16/21,19778.0,7129357.0
11/17/21,20215.0,7149572.0
11/18/21,18908.0,7168480.0
11/19/21,20695.0,7189175.0
11/20/21,22678.0,7211853.0
11/21/21,19749.0,7231602.0
11/22/21,4818.0,7236420.0
11/23/21,30395.0,7266815.0
11/24/21,30396.0,7297211.0
11/25/21,33329.0,7330540.0
11/26/21,34294.0,7364834.0
11/27/21,37057.0,7401891.0
11/28/21,31581.0,7433472.0
11/29/21,8279.0,7441751.0
11/30/21,44882.0,7486633.0
12/1/21,49408.0,7536041.0
12/2/21,48370.0,7584411.0
12/3/21,49572.0,7633983.0
12/4/21,51464.0,7685447.0
12/5/21,42153.0,7727600.0
12/6/21,11278.0,7738878.0
12/7/21,56241.0,7795119.0
12/8/21,61176.0,7856295.0
12/9/21,56649.0,7912944.0
12/10/21,54925.0,7967869.0
12/11/21,53919.0,8021788.0
12/12/21,43848.0,8065636.0
12/13/21,11465.0,8077101.0
12/14/21,59990.0,8137091.0
12/15/21,65427.0,8202518.0
12/16/21,60556.0,8263074.0
12/17/21,57987.0,8321061.0
12/18/21,58536.0,8379597.0
12/19/21,48473.0,8428070.0
12/20/21,14871.0,8442941.0
12/21/21,72580.0,8515521.0
12/22/21,84094.0,8599615.0
12/23/21,86555.0,8686170.0
12/24/21,94124.0,8780294.0
12/25/21,104611.0,8884905.0
12/26/21,27697.0,8912602.0
12/27/21,29614.0,8942216.0
12/28/21,179316.0,9121532.0
12/29/21,202293.0,9323825.0
12/30/21,206243.0,9530068.0
12/31/21,232200.0,9762268.0
1/1/22,219126.0,9981394.0
1/2/22,58432.0,10039826.0
1/3/22,67461.0,10107287.0
1/4/22,264184.0,10371471.0
1/5/22,322894.0,10694365.0
1/6/22,258787.0,10953152.0
1/7/22,323143.0,11276295.0
1/8/22,303669.0,11579964.0
1/9/22,296097.0,11876061.0
1/10/22,87577.0,11963638.0
1/11/22,359550.0,12323188.0
1/12/22,332476.0,12655664.0
1/13/22,301647.0,12957311.0
1/14/22,322648.0,13279959.0
1/15/22,324580.0,13604539.0
1/16/22,278129.0,13882668.0
1/17/22,89102.0,13971770.0
1/18/22,461517.0,14433287.0
1/19/22,431228.0,14864515.0
1/20/22,390527.0,15255042.0
1/21/22,397475.0,15652517.0
1/22/22,389320.0,16041837.0
1/23/22,301614.0,16343451.0
1/24/22,103855.0,16447306.0
1/25/22,501635.0,16948941.0
1/26/22,362061.0,17311002.0
1/27/22,386248.0,17697250.0
1/28/22,351788.0,18049038.0
1/29/22,332398.0,18381436.0
1/30/22,249448.0,18630884.0
1/31/22,82657.0,18713541.0
2/1/22,399668.0,19113209.0
2/2/22,265891.0,19379100.0
2/3/22,270628.0,19649728.0
2/4/22,240876.0,19890604.0
2/5/22,214542.0,20105146.0
2/6/22,155439.0,20260585.0
2/7/22,43531.0,20304116.0
2/8/22,234960.0,20539076.0
2/9/22,-33955.0,20505121.0
2/10/22,329526.0,20834647.0
2/11/22,122871.0,20957518.0
2/12/22,118611.0,21076129.0
2/13/22,86562.0,21162691.0
2/14/22,23853.0,21186544.0
2/15/22,0.0,21186544.0
2/16/22,211540.0,21398084.0
2/17/22,92307.0,21490391.0
2/18/22,82553.0,21572944.0
2/19/22,76552.0,21649496.0
2/20/22,59003.0,21708499.0
2/21/22,9531.0,21718030.0
2/22/22,83750.0,21801780.0
2/23/22,65331.0,21867111.0
2/24/22,66700.0,21933811.0
2/25/22,58120.0,21991931.0
2/26/22,53623.0,22045554.0
2/27/22,42600.0,22088154.0
2/28/22,11108.0,22099262.0
3/1/22,67405.0,22166667.0
3/2/22,57697.0,22224364.0
3/3/22,58661.0,22283025.0
3/4/22,57499.0,22340524.0
3/5/22,53678.0,22394202.0
3/6/22,45328.0,22439530.0
3/7/22,11235.0,22450765.0
3/8/22,79849.0,22530614.0
3/9/22,69125.0,22599739.0
3/10/22,69046.0,22668785.0
3/11/22,72702.0,22741487.0
3/12/22,70524.0,22812011.0
3/13/22,59036.0,22871047.0
3/14/22,18853.0,22889900.0
3/15/22,105934.0,22995834.0
3/16/22,105786.0,23101620.0
3/17/22,100158.0,23201778.0
3/18/22,96351.0,23298129.0
3/19/22,98104.0,23396233.0
3/20/22,81283.0,23477516.0
3/21/22,19134.0,23496650.0
3/22/22,180777.0,23677427.0
3/23/22,145560.0,23822987.0
3/24/22,140141.0,23963128.0
3/25/22,139194.0,24102322.0
3/26/22,139517.0,24241839.0
3/27/22,110174.0,24352013.0
3/28/22,24682.0,24376695.0
3/29/22,207724.0,24584419.0
3/30/22,167885.0,24752304.0
3/31/22,169311.0,24921615.0
4/1/22,147384.0,25068999.0
4/2/22,132114.0,25201113.0
4/3/22,102266.0,25303379.0
4/4/22,27648.0,25331027.0
4/5/22,198631.0,25529658.0
4/6/22,149928.0,25679586.0
4/7/22,158792.0,25838378.0
4/8/22,147876.0,25986254.0
4/9/22,141690.0,26127944.0
4/10/22,107654.0,26235598.0
4/11/22,21750.0,26257348.0
4/12/22,190762.0,26448110.0
4/13/22,133638.0,26581748.0
4/14/22,137342.0,26719090.0
4/15/22,125394.0,26844484.0
4/16/22,111583.0,26956067.0
4/17/22,86650.0,27042717.0
4/18/22,19810.0,27062527.0
4/19/22,21297.0,27083824.0
4/20/22,155711.0,27239535.0
4/21/22,104007.0,27343542.0
4/22/22,73676.0,27417218.0
4/23/22,80571.0,27497789.0
4/24/22,58954.0,27556743.0
4/25/22,11263.0,27568006.0
4/26/22,97498.0,27665504.0
4/27/22,54822.0,27720326.0
4/28/22,59760.0,27780086.0
4/29/22,50262.0,27830348.0
4/30/22,49482.0,27879830.0
5/1/22,36726.0,27916556.0
5/2/22,8737.0,27925293.0
5/3/22,53738.0,27979031.0
5/4/22,47925.0,28026956.0
5/5/22,44225.0,28071181.0
5/6/22,38202.0,28109383.0
5/7/22,37958.0,28147341.0
5/8/22,29324.0,28176665.0
5/9/22,4793.0,28181458.0
5/10/22,48584.0,28230042.0
5/11/22,40299.0,28270341.0
5/12/22,36047.0,28306388.0
5/13/22,28550.0,28334938.0
5/14/22,30459.0,28365397.0
5/15/22,22844.0,28388241.0
5/16/22,3360.0,28391601.0
5/17/22,38184.0,28429785.0
5/18/22,64016.0,28493801.0
5/19/22,27842.0,28521643.0
5/20/22,19461.0,28541104.0
5/21/22,22507.0,28563611.0
5/22/22,16965.0,28580576.0
5/23/22,-29738.0,28550838.0
5/24/22,25475.0,28576313.0
5/25/22,22006.0,28598319.0
5/26/22,21234.0,28619553.0
5/27/22,4172.0,28623725.0
5/28/22,23582.0,28647307.0
5/29/22,16440.0,28663747.0
5/30/22,4673.0,28668420.0
5/31/22,35084.0,28703504.0
6/1/22,18293.0,28721797.0
6/2/22,23319.0,28745116.0
6/3/22,25054.0,28770170.0
6/4/22,25172.0,28795342.0
6/5/22,20542.0,28815884.0
6/6/22,6184.0,28822068.0
6/7/22,3714.0,28825782.0
6/8/22,53802.0,28879584.0
6/9/22,38227.0,28917811.0
6/10/22,0.0,28917811.0
6/11/22,-94.0,28917717.0
6/12/22,0.0,28917717.0
6/13/22,0.0,28917717.0
6/14/22,164092.0,29081809.0
6/15/22,51954.0,29133763.0
6/16/22,53081.0,29186844.0
6/17/22,50536.0,29237380.0
6/18/22,0.0,29237380.0
6/19/22,0.0,29237380.0
6/20/22,101957.0,29339337.0
6/21/22,83953.0,29423290.0
6/22/22,76666.0,29499956.0
6/23/22,79852.0,29579808.0
6/24/22,79205.0,29659013.0
6/25/22,0.0,29659013.0
6/26/22,0.0,29659013.0
6/27/22,164828.0,29823841.0
6/28/22,135190.0,29959031.0
6/29/22,124724.0,30083755.0
6/30/22,133346.0,30217101.0
7/1/22,124985.0,30342086.0
7/2/22,0.0,30342086.0
7/3/22,0.0,30342086.0
7/4/22,243248.0,30585334.0
7/5/22,197089.0,30782423.0
7/6/22,154615.0,30937038.0
7/7/22,161265.0,31098303.0
7/8/22,137947.0,31236250.0
7/9/22,0.0,31236250.0
7/10/22,0.0,31236250.0
7/11/22,251337.0,31487587.0
7/12/22,172622.0,31660209.0
7/13/22,127642.0,31787851.0
7/14/22,0.0,31787851.0
7/15/22,0.0,31787851.0
7/16/22,0.0,31787851.0
7/17/22,0.0,31787851.0
7/18/22,354123.0,32141974.0
7/19/22,127586.0,32269560.0
7/20/22,89713.0,32359273.0
7/21/22,80869.0,32440142.0
7/22/22,74103.0,32514245.0
7/23/22,0.0,32514245.0
7/24/22,0.0,32514245.0
7/25/22,129759.0,32644004.0
7/26/22,79995.0,32723999.0
7/27/22,58812.0,32782811.0
7/28/22,45914.0,32828725.0
7/29/22,44752.0,32873477.0
7/30/22,0.0,32873477.0
7/31/22,0.0,32873477.0
8/1/22,80062.0,32953539.0
8/2/22,49130.0,33002669.0
8/3/22,38403.0,33041072.0
8/4/22,27976.0,33069048.0
8/5/22,30592.0,33099640.0
8/6/22,0.0,33099640.0
8/7/22,0.0,33099640.0
8/8/22,54817.0,33154457.0
8/9/22,37816.0,33192273.0
8/10/22,27081.0,33219354.0
8/11/22,23989.0,33243343.0
8/12/22,13813.0,33257156.0
8/13/22,0.0,33257156.0
8/14/22,0.0,33257156.0
8/15/22,0.0,33257156.0
8/16/22,42138.0,33299294.0
8/17/22,35745.0,33335039.0
8/18/22,23605.0,33358644.0
8/19/22,15091.0,33373735.0
8/20/22,0.0,33373735.0
8/21/22,0.0,33373735.0
8/22/22,38702.0,33412437.0
8/23/22,28988.0,33441425.0
8/24/22,21289.0,33462714.0
8/25/22,19837.0,33482551.0
8/26/22,12130.0,33494681.0
8/27/22,0.0,33494681.0
8/28/22,0.0,33494681.0
8/29/22,35749.0,33530430.0
8/30/22,23722.0,33554152.0
8/31/22,19240.0,33573392.0
9/1/22,18646.0,33592038.0
9/2/22,9145.0,33601183.0
9/3/22,0.0,33601183.0
9/4/22,0.0,33601183.0
9/5/22,31934.0,33633117.0
9/6/22,26918.0,33660035.0
9/7/22,20142.0,33680177.0
9/8/22,19866.0,33700043.0
9/9/22,19087.0,33719130.0
9/10/22,0.0,33719130.0
9/11/22,0.0,33719130.0
9/12/22,35791.0,33754921.0
9/13/22,41850.0,33796771.0
9/14/22,29526.0,33826297.0
9/15/22,30691.0,33856988.0
9/16/22,28598.0,33885586.0
9/17/22,0.0,33885586.0
9/18/22,0.0,33885586.0
9/19/22,61475.0,33947061.0
9/20/22,51816.0,33998877.0
9/21/22,38250.0,34037127.0
9/22/22,38464.0,34075591.0
9/23/22,36160.0,34111751.0
9/24/22,0.0,34111751.0
9/25/22,0.0,34111751.0
9/26/22,76878.0,34188629.0
9/27/22,73639.0,34262268.0
9/28/22,51894.0,34314162.0
9/29/22,50743.0,34364905.0
9/30/22,48243.0,34413148.0
10/1/22,0.0,34413148.0
10/2/22,0.0,34413148.0
10/3/22,92739.0,34505887.0
10/4/22,87759.0,34593646.0
10/5/22,66564.0,34660210.0
10/6/22,65537.0,34725747.0
10/7/22,60749.0,34786496.0
10/8/22,0.0,34786496.0
10/9/22,0.0,34786496.0
10/10/22,109269.0,34895765.0
10/11/22,91862.0,34987627.0
10/12/22,68644.0,35056271.0
10/13/22,64218.0,35120489.0
10/14/22,61329.0,35181818.0
10/15/22,0.0,35181818.0
10/16/22,0.0,35181818.0
10/17/22,106452.0,35288270.0
10/18/22,87666.0,35375936.0
10/19/22,63031.0,35438967.0
10/20/22,56793.0,35495760.0
10/21/22,48736.0,35544496.0
10/22/22,0.0,35544496.0
10/23/22,0.0,35544496.0
10/24/22,82123.0,35626619.0
10/25/22,56047.0,35682666.0
10/26/22,41185.0,35723851.0
10/27/22,37089.0,35760940.0
10/28/22,25415.0,35786355.0
10/29/22,0.0,35786355.0
10/30/22,0.0,35786355.0
10/31/22,42947.0,35829302.0
11/1/22,0.0,35829302.0
11/2/22,35153.0,35864455.0
11/3/22,41638.0,35906093.0
11/4/22,29419.0,35935512.0
11/5/22,0.0,35935512.0
11/6/22,0.0,35935512.0
11/7/22,51663.0,35987175.0
11/8/22,40591.0,36027766.0
11/9/22,28702.0,36056468.0
11/10/22,27068.0,36083536.0
11/11/22,0.0,36083536.0
11/12/22,0.0,36083536.0
11/13/22,0.0,36083536.0
11/14/22,65102.0,36148638.0
11/15/22,48336.0,36196974.0
11/16/22,33782.0,36230756.0
11/17/22,33134.0,36263890.0
11/18/22,36602.0,36300492.0
11/19/22,0.0,36300492.0
11/20/22,0.0,36300492.0
11/21/22,68058.0,36368550.0
11/22/22,64464.0,36433014.0
11/23/22,49188.0,36482202.0
11/24/22,50530.0,36532732.0
11/25/22,47907.0,36580639.0
11/26/22,0.0,36580639.0
11/27/22,0.0,36580639.0
11/28/22,93853.0,36674492.0
11/29/22,91814.0,36766306.0
11/30/22,66978.0,36833284.0
12/1/22,68006.0,36901290.0
12/2/22,58070.0,36959360.0
12/3/22,0.0,36959360.0
12/4/22,0.0,36959360.0
12/5/22,103032.0,37062392.0
12/6/22,105516.0,37167908.0
12/7/22,75752.0,37243660.0
12/8/22,71597.0,37315257.0
12/9/22,63969.0,37379226.0
12/10/22,0.0,37379226.0
12/11/22,0.0,37379226.0
12/12/22,118782.0,37498008.0
12/13/22,95639.0,37593647.0
12/14/22,69866.0,37663513.0
12/15/22,62541.0,37726054.0
12/16/22,54034.0,37780088.0
12/17/22,0.0,37780088.0
12/18/22,0.0,37780088.0
12/19/22,98021.0,37878109.0
12/20/22,71212.0,37949321.0
12/21/22,54613.0,38003934.0
12/22/22,49469.0,38053403.0
12/23/22,41843.0,38095246.0
12/24/22,0.0,38095246.0
12/25/22,0.0,38095246.0
12/26/22,40744.0,38135990.0
12/27/22,60099.0,38196089.0
12/28/22,26081.0,38222170.0
12/29/22,24436.0,38246606.0
12/30/22,23808.0,38270414.0
12/31/22,0.0,38270414.0
1/1/23,0.0,38270414.0
1/2/23,39087.0,38309501.0
1/3/23,20748.0,38330249.0
1/4/23,14105.0,38344354.0
1/5/23,11536.0,38355890.0
1/6/23,6354.0,38362244.0
1/7/23,0.0,38362244.0
1/8/23,0.0,38362244.0
1/9/23,17220.0,38379464.0
1/10/23,7816.0,38387280.0
1/11/23,7635.0,38394915.0
1/12/23,7159.0,38402074.0
1/13/23,5025.0,38407099.0
1/14/23,0.0,38407099.0
1/15/23,0.0,38407099.0
1/16/23,10830.0,38417929.0
1/17/23,8345.0,38426274.0
1/18/23,5894.0,38432168.0
1/19/23,4992.0,38437160.0
1/20/23,3480.0,38440640.0
1/21/23,0.0,38440640.0
1/22/23,0.0,38440640.0
1/23/23,8828.0,38449468.0
1/24/23,6463.0,38455931.0
1/25/23,5347.0,38461278.0
1/26/23,5287.0,38466565.0
1/27/23,4681.0,38471246.0
1/28/23,0.0,38471246.0
1/29/23,0.0,38471246.0
1/30/23,8215.0,38479461.0
1/31/23,6844.0,38486305.0
2/1/23,4506.0,38490811.0
2/2/23,4021.0,38494832.0
2/3/23,3605.0,38498437.0
2/4/23,0.0,38498437.0
2/5/23,0.0,38498437.0
2/6/23,6662.0,38505099.0
2/7/23,4445.0,38509544.0
2/8/23,3991.0,38513535.0
2/9/23,3653.0,38517188.0
2/10/23,3364.0,38520552.0
2/11/23,0.0,38520552.0
2/12/23,0.0,38520552.0
2/13/23,5669.0,38526221.0
2/14/23,4986.0,38531207.0
2/15/23,3972.0,38535179.0
2/16/23,4021.0,38539200.0
2/17/23,3589.0,38542789.0
2/18/23,0.0,38542789.0
2/19/23,0.0,38542789.0
2/20/23,8133.0,38550922.0
2/21/23,5774.0,38556696.0
2/22/23,4317.0,38561013.0
2/23/23,4489.0,38565502.0
2/24/23,3917.0,38569419.0
2/25/23,0.0,38569419.0
2/26/23,0.0,38569419.0
2/27/23,7626.0,38577045.0
2/28/23,5651.0,38582696.0
3/1/23,4525.0,38587221.0
3/2/23,4196.0,38591417.0
3/3/23,3194.0,38594611.0
3/4/23,0.0,38594611.0
3/5/23,0.0,38594611.0
3/6/23,8146.0,38602757.0
3/7/23,7063.0,38609820.0
3/8/23,5808.0,38615628.0
3/9/23,6308.0,38621936.0
